{
  "platform":"ios",
  "isDark":0,
  "primaryColor":"yellow",
  "accentColor":"cyan",
  "scaffoldBackgroundColor":"purple",
  "buttonColor":"green",
  "dividerColor":"green",
  "canvasColor":"lime",
  "cardColor":"orange",
  "disabledColor":"yellow",
  "backgroundColor":"deepOrange",
  "highlightColor":"amber",
  "splashColor":"pink",
  "dialogBackgroundColor":"pink",
  "hintColor":"green",
  "errorColor":"deepPurple",
  "indicatorColor":"teal",
  "selectedRowColor":"teal",
  "unselectedWidgetColor":"blueGrey",
  "secondaryHeaderColor":"red",
  "textSelectionColor":"lightGreen",
  "textSelectionHandleColor":"lightGreen"
}